VendorID,tpep_pickup_datetime,tpep_dropoff_datetime,passenger_count,trip_distance,RatecodeID,store_and_fwd_flag,PULocationID,DOLocationID,payment_type,fare_amount,extra,mta_tax,tip_amount,tolls_amount,improvement_surcharge,total_amount,congestion_surcharge,Airport_fee
1,2023-02-01 00:32:53,2023-02-01 00:34:34,2.0,0.3,1.0,N,142,163,2,4.4,3.5,0.5,0.0,0.0,1.0,9.4,2.5,0.0
2,2023-02-01 00:35:16,2023-02-01 00:35:30,1.0,0.0,1.0,N,71,71,4,-3.0,-1.0,-0.5,0.0,0.0,-1.0,-5.5,0.0,0.0
2,2023-02-01 00:35:16,2023-02-01 00:35:30,1.0,0.0,1.0,N,71,71,4,3.0,1.0,0.5,0.0,0.0,1.0,5.5,0.0,0.0
1,2023-02-01 00:29:33,2023-02-01 01:01:38,0.0,18.8,1.0,N,132,26,1,70.9,2.25,0.5,0.0,0.0,1.0,74.65,0.0,1.25
2,2023-02-01 00:12:28,2023-02-01 00:25:46,1.0,3.22,1.0,N,161,145,1,17.0,1.0,0.5,3.3,0.0,1.0,25.3,2.5,0.0
1,2023-02-01 00:52:40,2023-02-01 01:07:18,1.0,5.1,1.0,N,148,236,1,21.9,3.5,0.5,5.35,0.0,1.0,32.25,2.5,0.0
1,2023-02-01 00:12:39,2023-02-01 00:40:36,1.0,8.9,1.0,N,137,244,1,41.5,3.5,0.5,3.5,0.0,1.0,50.0,2.5,0.0
1,2023-02-01 00:56:53,2023-02-01 01:00:37,1.0,1.2,1.0,N,263,141,1,7.2,3.5,0.5,2.44,0.0,1.0,14.64,2.5,0.0
2,2023-02-01 00:20:40,2023-02-01 00:33:56,1.0,7.49,1.0,N,48,243,1,30.3,1.0,0.5,8.82,0.0,1.0,44.12,2.5,0.0
2,2023-02-01 00:33:51,2023-02-01 00:37:34,1.0,0.51,1.0,N,114,211,1,5.8,1.0,0.5,1.62,0.0,1.0,12.42,2.5,0.0
2,2023-02-01 01:00:45,2023-02-01 01:06:00,1.0,0.78,1.0,N,114,249,1,7.2,1.0,0.5,2.44,0.0,1.0,14.64,2.5,0.0
2,2023-02-01 00:10:48,2023-02-01 00:18:09,1.0,1.57,1.0,N,125,107,1,10.0,1.0,0.5,1.0,0.0,1.0,16.0,2.5,0.0
2,2023-02-01 00:00:28,2023-02-01 00:12:54,1.0,5.4,1.0,N,140,42,1,23.3,1.0,0.5,2.0,0.0,1.0,30.3,2.5,0.0
2,2023-02-01 00:35:06,2023-02-01 00:45:47,1.0,3.44,1.0,N,140,226,1,16.3,1.0,0.5,4.26,0.0,1.0,25.56,2.5,0.0
2,2023-02-01 00:06:00,2023-02-01 00:10:31,5.0,1.03,1.0,N,249,90,1,7.2,1.0,0.5,3.05,0.0,1.0,15.25,2.5,0.0
2,2023-02-01 00:31:02,2023-02-01 00:41:26,5.0,2.06,1.0,N,234,4,1,12.1,1.0,0.5,3.42,0.0,1.0,20.52,2.5,0.0
2,2023-02-01 00:47:56,2023-02-01 00:53:02,5.0,0.93,1.0,N,114,125,1,7.2,1.0,0.5,0.0,0.0,1.0,12.2,2.5,0.0
1,2023-02-01 00:01:09,2023-02-01 00:51:49,1.0,20.3,2.0,N,132,239,1,70.0,3.75,0.5,16.35,6.55,1.0,98.15,2.5,1.25
1,2023-02-01 00:41:47,2023-02-01 01:14:14,1.0,18.4,2.0,N,132,230,1,70.0,3.75,0.5,2.0,6.55,1.0,83.8,2.5,1.25
2,2023-02-01 00:22:16,2023-02-01 00:40:34,2.0,4.14,1.0,N,140,68,2,21.9,1.0,0.5,0.0,0.0,1.0,26.9,2.5,0.0
2,2023-02-01 00:56:10,2023-02-01 01:02:57,1.0,1.57,1.0,N,144,79,1,9.3,1.0,0.5,1.43,0.0,1.0,15.73,2.5,0.0
1,2023-02-01 00:08:40,2023-02-01 00:56:13,1.0,19.1,1.0,N,132,90,1,70.0,3.75,0.5,16.35,6.55,1.0,98.15,2.5,1.25
1,2023-02-01 00:21:54,2023-02-01 00:30:28,1.0,1.4,1.0,N,236,163,1,9.3,3.5,0.5,3.6,0.0,1.0,17.9,2.5,0.0
1,2023-02-01 00:16:06,2023-02-01 00:32:03,2.0,3.3,1.0,N,144,233,1,17.0,3.5,0.5,5.0,0.0,1.0,27.0,2.5,0.0
1,2023-02-01 00:41:58,2023-02-01 01:05:24,1.0,5.9,1.0,N,264,61,2,27.5,3.5,0.5,0.0,0.0,1.0,32.5,2.5,0.0
2,2023-02-01 00:03:01,2023-02-01 00:19:13,1.0,3.78,1.0,N,186,239,1,19.1,1.0,0.5,0.0,0.0,1.0,24.1,2.5,0.0
2,2023-02-01 00:47:17,2023-02-01 01:09:05,1.0,5.4,1.0,N,114,36,1,26.8,1.0,0.5,6.36,0.0,1.0,38.16,2.5,0.0
2,2023-02-01 00:31:46,2023-02-01 01:00:59,1.0,5.99,1.0,Y,230,88,1,31.7,1.0,0.5,7.34,0.0,1.0,44.04,2.5,0.0
2,2023-02-01 00:24:00,2023-02-01 00:28:52,2.0,1.3,1.0,N,161,186,2,7.9,1.0,0.5,0.0,0.0,1.0,12.9,2.5,0.0
2,2023-02-01 00:18:58,2023-02-01 00:21:45,1.0,0.71,1.0,N,230,161,1,5.1,1.0,0.5,2.02,0.0,1.0,12.12,2.5,0.0
1,2023-02-01 00:08:32,2023-02-01 00:14:55,1.0,1.3,1.0,N,164,48,1,9.3,3.5,0.5,2.85,0.0,1.0,17.15,2.5,0.0
1,2023-02-01 00:51:32,2023-02-01 01:06:27,1.0,4.7,1.0,N,132,205,2,21.9,2.25,0.5,0.0,0.0,1.0,25.65,0.0,1.25
1,2023-02-01 00:11:39,2023-02-01 00:32:33,0.0,6.1,1.0,N,79,112,1,27.5,3.5,0.5,3.0,0.0,1.0,35.5,2.5,0.0
2,2023-02-01 00:13:29,2023-02-01 00:27:16,1.0,2.43,1.0,N,246,246,2,15.6,1.0,0.5,0.0,0.0,1.0,20.6,2.5,0.0
2,2023-02-01 00:14:50,2023-02-01 00:20:14,1.0,1.15,1.0,N,246,249,1,7.9,1.0,0.5,2.58,0.0,1.0,15.48,2.5,0.0
2,2023-02-01 00:21:24,2023-02-01 00:37:29,1.0,4.27,1.0,N,249,87,1,21.2,1.0,0.5,0.0,0.0,1.0,26.2,2.5,0.0
2,2023-02-01 00:30:38,2023-02-01 00:42:53,2.0,2.41,1.0,N,162,246,1,14.2,1.0,0.5,3.0,0.0,1.0,22.2,2.5,0.0
2,2023-02-01 00:45:59,2023-02-01 01:05:29,3.0,5.65,1.0,N,68,42,1,26.1,1.0,0.5,6.22,0.0,1.0,37.32,2.5,0.0
1,2023-02-01 00:16:53,2023-02-01 00:41:54,1.0,6.0,1.0,N,164,61,1,27.5,3.5,0.5,6.5,0.0,1.0,39.0,2.5,0.0
2,2023-02-01 00:08:42,2023-02-01 00:22:29,1.0,3.29,1.0,N,237,145,1,17.7,1.0,0.5,4.54,0.0,1.0,27.24,2.5,0.0
2,2023-02-01 00:40:42,2023-02-01 00:47:43,3.0,1.57,1.0,N,230,170,2,10.0,1.0,0.5,0.0,0.0,1.0,15.0,2.5,0.0
2,2023-02-01 00:48:17,2023-02-01 00:57:15,1.0,2.88,1.0,N,170,236,4,-14.2,-1.0,-0.5,0.0,0.0,-1.0,-19.2,-2.5,0.0
2,2023-02-01 00:48:17,2023-02-01 00:57:15,1.0,2.88,1.0,N,170,236,4,14.2,1.0,0.5,0.0,0.0,1.0,19.2,2.5,0.0
2,2023-02-01 00:03:56,2023-02-01 00:28:30,1.0,14.87,1.0,N,132,150,1,58.3,1.0,0.5,5.0,0.0,1.0,67.05,0.0,1.25
2,2023-02-01 00:47:26,2023-02-01 00:50:52,1.0,0.87,1.0,N,234,234,1,6.5,1.0,0.5,1.0,0.0,1.0,12.5,2.5,0.0
2,2023-02-01 00:46:37,2023-02-01 00:49:35,1.0,0.36,1.0,N,234,107,1,5.1,1.0,0.5,2.02,0.0,1.0,12.12,2.5,0.0
1,2023-02-01 00:24:21,2023-02-01 00:49:30,1.0,10.5,1.0,N,164,127,2,41.5,3.5,0.5,0.0,0.0,1.0,46.5,2.5,0.0
2,2023-02-01 00:04:23,2023-02-01 00:06:28,1.0,0.88,1.0,N,263,141,1,5.8,1.0,0.5,2.16,0.0,1.0,12.96,2.5,0.0
2,2023-02-01 00:07:42,2023-02-01 00:13:26,1.0,1.73,1.0,N,141,75,2,9.3,1.0,0.5,0.0,0.0,1.0,14.3,2.5,0.0
2,2023-02-01 00:40:37,2023-02-01 00:49:05,1.0,1.31,1.0,N,211,148,1,10.7,1.0,0.5,3.92,0.0,1.0,19.62,2.5,0.0
1,2023-02-01 00:05:26,2023-02-01 00:12:04,1.0,1.2,1.0,N,79,211,1,8.6,3.5,0.5,3.0,0.0,1.0,16.6,2.5,0.0
1,2023-02-01 00:01:25,2023-02-01 00:11:04,2.0,1.5,1.0,N,43,48,1,11.4,3.5,0.5,3.25,0.0,1.0,19.65,2.5,0.0
2,2023-02-01 00:41:37,2023-02-01 00:57:04,1.0,9.26,1.0,N,138,232,1,36.6,6.0,0.5,9.57,0.0,1.0,57.42,2.5,1.25
2,2023-02-01 00:58:51,2023-02-01 01:05:19,1.0,1.38,1.0,N,148,107,1,9.3,1.0,0.5,2.14,0.0,1.0,16.44,2.5,0.0
2,2023-02-01 00:55:13,2023-02-01 01:04:50,1.0,1.4,1.0,N,116,166,2,10.7,1.0,0.5,0.0,0.0,1.0,13.2,0.0,0.0
1,2023-02-01 00:05:41,2023-02-01 00:31:56,1.0,7.6,1.0,N,142,80,1,33.1,3.5,0.5,7.6,0.0,1.0,45.7,2.5,0.0
1,2023-02-01 00:11:41,2023-02-01 00:14:13,1.0,0.7,1.0,N,239,238,1,5.8,3.5,0.5,1.94,0.0,1.0,12.74,2.5,0.0
2,2023-02-01 00:09:52,2023-02-01 00:15:28,1.0,1.12,1.0,N,140,236,1,7.9,1.0,0.5,2.0,0.0,1.0,14.9,2.5,0.0
2,2023-02-01 00:24:57,2023-02-01 00:31:29,1.0,1.5,1.0,N,237,140,1,9.3,1.0,0.5,2.0,0.0,1.0,16.3,2.5,0.0
2,2023-02-01 00:44:21,2023-02-01 00:53:42,1.0,2.13,1.0,N,162,79,1,12.8,1.0,0.5,3.56,0.0,1.0,21.36,2.5,0.0
2,2023-02-01 00:57:30,2023-02-01 01:19:12,1.0,7.69,1.0,N,79,238,1,34.5,1.0,0.5,5.92,0.0,1.0,45.42,2.5,0.0
2,2023-02-01 00:35:09,2023-02-01 00:40:46,1.0,1.68,1.0,N,249,107,2,8.6,1.0,0.5,0.0,0.0,1.0,13.6,2.5,0.0
1,2023-02-01 00:50:08,2023-02-01 00:59:28,1.0,3.1,1.0,N,264,264,2,14.9,3.5,0.5,0.0,0.0,1.0,19.9,2.5,0.0
2,2023-02-01 00:10:19,2023-02-01 00:30:23,1.0,5.78,1.0,N,158,263,1,27.5,1.0,0.5,5.0,0.0,1.0,37.5,2.5,0.0
1,2023-02-01 00:07:41,2023-02-01 00:13:20,1.0,1.1,1.0,N,229,170,1,7.2,3.5,0.5,2.4,0.0,1.0,14.6,2.5,0.0
1,2023-02-01 00:18:16,2023-02-01 00:32:59,1.0,4.7,1.0,N,170,260,1,20.5,3.5,0.5,5.1,0.0,1.0,30.6,2.5,0.0
1,2023-02-01 00:08:09,2023-02-01 00:12:19,1.0,0.8,1.0,N,158,249,1,5.8,3.5,0.5,2.15,0.0,1.0,12.95,2.5,0.0
1,2023-02-01 00:32:45,2023-02-01 00:44:47,1.0,2.8,1.0,N,237,249,1,15.6,3.5,0.5,5.15,0.0,1.0,25.75,2.5,0.0
1,2023-02-01 00:10:58,2023-02-01 00:18:52,1.0,1.3,1.0,N,79,164,1,8.6,3.5,0.5,2.0,0.0,1.0,15.6,2.5,0.0
2,2023-02-01 00:53:23,2023-02-01 01:02:43,1.0,1.66,1.0,N,211,107,1,11.4,1.0,0.5,2.22,0.0,1.0,18.62,2.5,0.0
1,2023-02-01 00:49:25,2023-02-01 00:53:12,1.0,0.6,1.0,N,246,68,1,5.8,3.5,0.5,1.0,0.0,1.0,11.8,2.5,0.0
1,2023-02-01 00:38:49,2023-02-01 01:07:23,1.0,17.6,1.0,N,132,112,1,67.4,2.25,0.5,4.0,0.0,1.0,75.15,0.0,1.25
2,2023-02-01 00:18:45,2023-02-01 00:21:21,2.0,1.05,1.0,N,237,263,1,6.5,1.0,0.5,2.3,0.0,1.0,13.8,2.5,0.0
1,2023-02-01 00:20:07,2023-02-01 00:44:40,3.0,4.6,1.0,N,151,164,1,23.3,3.5,0.5,5.65,0.0,1.0,33.95,2.5,0.0
1,2023-02-01 00:16:55,2023-02-01 00:28:31,1.0,3.0,1.0,N,237,41,2,14.9,3.5,0.5,0.0,0.0,1.0,19.9,2.5,0.0
2,2023-02-01 00:20:24,2023-02-01 00:45:44,1.0,5.93,1.0,N,48,223,1,30.3,1.0,0.5,7.06,0.0,1.0,42.36,2.5,0.0
1,2023-02-01 00:03:36,2023-02-01 00:23:01,1.0,8.3,1.0,N,161,243,1,34.5,3.5,0.5,7.9,0.0,1.0,47.4,2.5,0.0
2,2023-02-01 00:51:40,2023-02-01 01:13:46,3.0,7.06,1.0,N,142,87,1,32.4,1.0,0.5,7.48,0.0,1.0,44.88,2.5,0.0
2,2023-02-01 00:09:26,2023-02-01 00:17:05,1.0,1.52,1.0,Y,186,161,1,10.0,1.0,0.5,3.0,0.0,1.0,18.0,2.5,0.0
2,2023-02-01 00:21:38,2023-02-01 00:36:26,1.0,3.06,1.0,N,162,148,1,17.0,1.0,0.5,2.0,0.0,1.0,24.0,2.5,0.0
2,2023-02-01 00:07:17,2023-02-01 00:16:11,1.0,2.22,1.0,N,142,238,1,12.1,1.0,0.5,3.08,0.0,1.0,20.18,2.5,0.0
2,2023-02-01 00:29:18,2023-02-01 00:35:59,1.0,0.0,1.0,N,159,167,2,7.2,1.0,0.5,0.0,0.0,1.0,9.7,0.0,0.0
2,2023-02-01 00:39:15,2023-02-01 00:39:21,1.0,0.0,1.0,N,167,167,1,3.0,1.0,0.5,18.0,0.0,1.0,23.5,0.0,0.0
2,2023-02-01 00:34:04,2023-02-01 00:55:05,3.0,10.88,1.0,N,132,173,2,42.9,1.0,0.5,0.0,0.0,1.0,46.65,0.0,1.25
1,2023-02-01 00:12:16,2023-02-01 00:36:45,2.0,6.8,1.0,N,79,41,2,29.6,3.5,0.5,0.0,0.0,1.0,34.6,2.5,0.0
2,2023-02-01 00:34:12,2023-02-01 00:54:13,1.0,5.25,1.0,N,249,189,1,25.4,1.0,0.5,7.6,0.0,1.0,38.0,2.5,0.0
2,2023-02-01 00:07:12,2023-02-01 00:15:40,1.0,1.19,1.0,N,137,100,1,10.0,1.0,0.5,3.0,0.0,1.0,18.0,2.5,0.0
2,2023-02-01 00:40:14,2023-02-01 00:45:34,1.0,0.95,1.0,N,148,79,2,7.2,1.0,0.5,0.0,0.0,1.0,12.2,2.5,0.0
2,2023-02-01 00:00:25,2023-02-01 00:22:12,1.0,6.16,1.0,N,230,52,1,28.2,1.0,0.5,6.64,0.0,1.0,39.84,2.5,0.0
2,2023-02-01 00:55:21,2023-02-01 01:07:35,1.0,2.26,1.0,N,262,238,1,14.9,1.0,0.5,5.97,0.0,1.0,25.87,2.5,0.0
1,2023-02-01 00:32:10,2023-02-01 00:38:06,1.0,1.7,1.0,N,114,100,1,9.3,3.5,0.5,0.01,0.0,1.0,14.31,2.5,0.0
1,2023-02-01 00:39:33,2023-02-01 00:51:27,1.0,3.5,1.0,N,100,238,1,16.3,3.5,0.5,0.0,0.0,1.0,21.3,2.5,0.0
1,2023-02-01 00:11:57,2023-02-01 00:19:53,1.0,1.3,1.0,N,79,232,1,10.0,3.5,0.5,2.0,0.0,1.0,17.0,2.5,0.0
1,2023-02-01 00:30:03,2023-02-01 00:45:24,2.0,5.0,1.0,N,79,239,1,22.6,3.5,0.5,5.5,0.0,1.0,33.1,2.5,0.0
2,2023-02-01 00:32:12,2023-02-01 00:38:55,1.0,1.04,1.0,N,114,79,1,8.6,1.0,0.5,1.36,0.0,1.0,14.96,2.5,0.0
2,2023-02-01 00:42:57,2023-02-01 00:53:50,1.0,1.51,1.0,N,79,158,1,12.1,1.0,0.5,3.0,0.0,1.0,20.1,2.5,0.0
1,2023-02-01 00:06:08,2023-02-01 00:32:13,1.0,13.1,1.0,N,138,188,1,50.6,7.25,0.5,14.8,0.0,1.0,74.15,0.0,1.25
2,2023-02-01 00:08:17,2023-02-01 00:13:47,1.0,1.31,1.0,N,144,261,2,8.6,1.0,0.5,0.0,0.0,1.0,13.6,2.5,0.0
2,2023-02-01 00:33:38,2023-02-01 01:06:04,1.0,18.73,2.0,N,132,42,1,70.0,0.0,0.5,5.0,6.55,1.0,84.3,0.0,1.25
1,2023-02-01 00:04:14,2023-02-01 00:05:52,1.0,0.6,1.0,N,233,170,1,5.1,3.5,0.5,2.02,0.0,1.0,12.12,2.5,0.0
1,2023-02-01 00:21:26,2023-02-01 00:31:18,2.0,3.0,1.0,N,114,229,1,14.2,3.5,0.5,2.0,0.0,1.0,21.2,2.5,0.0
2,2023-02-01 00:10:51,2023-02-01 00:27:41,1.0,6.14,1.0,N,79,151,1,25.4,1.0,0.5,7.6,0.0,1.0,38.0,2.5,0.0
2,2023-02-01 00:32:34,2023-02-01 00:48:44,1.0,4.06,1.0,N,238,234,1,20.5,1.0,0.5,2.55,0.0,1.0,28.05,2.5,0.0
2,2023-02-01 00:49:36,2023-02-01 00:57:48,2.0,1.79,1.0,N,234,230,1,10.7,1.0,0.5,2.0,0.0,1.0,17.7,2.5,0.0
2,2023-02-01 00:03:30,2023-02-01 00:05:42,2.0,0.58,1.0,N,90,68,1,5.1,1.0,0.5,1.52,0.0,1.0,11.62,2.5,0.0
2,2023-02-01 00:06:45,2023-02-01 00:27:35,1.0,5.91,1.0,N,246,7,2,26.8,1.0,0.5,0.0,0.0,1.0,31.8,2.5,0.0
2,2023-02-01 00:19:53,2023-02-01 00:40:09,1.0,9.33,1.0,N,158,141,1,38.0,1.0,0.5,8.6,0.0,1.0,51.6,2.5,0.0
2,2023-02-01 00:57:07,2023-02-01 00:59:51,1.0,0.54,1.0,N,158,249,1,5.1,1.0,0.5,2.02,0.0,1.0,12.12,2.5,0.0
2,2023-02-01 00:05:50,2023-02-01 00:08:36,1.0,0.79,1.0,N,161,164,2,5.8,1.0,0.5,0.0,0.0,1.0,10.8,2.5,0.0
2,2023-02-01 00:30:33,2023-02-01 00:37:46,2.0,2.65,1.0,N,237,74,2,12.1,1.0,0.5,0.0,0.0,1.0,17.1,2.5,0.0
2,2023-02-01 00:51:11,2023-02-01 01:01:19,1.0,2.92,1.0,N,237,226,1,14.9,1.0,0.5,3.0,0.0,1.0,22.9,2.5,0.0
2,2023-02-01 00:15:49,2023-02-01 00:43:06,1.0,7.76,1.0,N,107,42,1,37.3,1.0,0.5,8.46,0.0,1.0,50.76,2.5,0.0
1,2023-02-01 00:32:34,2023-02-01 00:36:20,2.0,0.8,1.0,N,236,141,1,6.5,3.5,0.5,1.0,0.0,1.0,12.5,2.5,0.0
1,2023-02-01 00:50:28,2023-02-01 01:00:21,1.0,1.9,1.0,N,162,50,1,11.4,3.5,0.5,4.05,0.0,1.0,20.45,2.5,0.0
2,2023-02-01 00:34:08,2023-02-01 01:31:55,1.0,50.52,5.0,N,219,265,1,180.0,0.0,0.5,36.3,0.0,1.0,217.8,0.0,0.0
2,2023-02-01 00:12:01,2023-02-01 00:12:16,1.0,0.0,5.0,N,231,231,2,75.25,0.0,0.0,0.0,0.0,1.0,78.75,2.5,0.0
2,2023-02-01 00:18:04,2023-02-01 00:22:34,1.0,1.95,1.0,N,142,151,1,9.3,1.0,0.5,2.86,0.0,1.0,17.16,2.5,0.0
2,2023-02-01 00:35:58,2023-02-01 00:46:05,1.0,3.67,1.0,N,236,234,1,16.3,1.0,0.5,4.26,0.0,1.0,25.56,2.5,0.0
2,2023-02-01 00:52:54,2023-02-01 00:59:42,1.0,1.14,1.0,N,234,249,1,9.3,1.0,0.5,2.86,0.0,1.0,17.16,2.5,0.0
2,2023-02-01 00:14:31,2023-02-01 00:26:25,1.0,5.52,1.0,N,264,95,1,24.0,6.0,0.5,6.3,0.0,1.0,39.05,0.0,1.25
2,2023-02-01 00:30:46,2023-02-01 00:38:53,1.0,1.79,1.0,N,95,135,2,11.4,1.0,0.5,0.0,0.0,1.0,13.9,0.0,0.0
2,2023-02-01 00:34:34,2023-02-01 00:42:39,2.0,1.78,1.0,N,144,234,1,10.7,1.0,0.5,0.0,0.0,1.0,15.7,2.5,0.0
2,2023-02-01 00:55:46,2023-02-01 01:09:41,1.0,4.96,1.0,N,234,151,1,21.2,1.0,0.5,1.0,0.0,1.0,27.2,2.5,0.0
2,2023-02-01 00:20:56,2023-02-01 00:31:24,1.0,2.25,1.0,N,249,161,1,12.8,1.0,0.5,4.45,0.0,1.0,22.25,2.5,0.0
1,2023-02-01 00:07:35,2023-02-01 00:18:58,1.0,2.8,1.0,N,148,233,1,14.9,3.5,0.5,2.0,0.0,1.0,21.9,2.5,0.0
2,2023-02-01 00:01:09,2023-02-01 00:13:33,1.0,2.42,1.0,N,234,246,1,14.2,1.0,0.5,3.84,0.0,1.0,23.04,2.5,0.0
1,2023-02-01 00:49:36,2023-02-01 01:01:48,1.0,4.0,1.0,N,114,181,1,19.1,3.5,0.5,6.0,0.0,1.0,30.1,2.5,0.0
2,2023-02-01 00:03:05,2023-02-01 00:11:21,1.0,2.02,1.0,Y,158,144,1,10.7,1.0,0.5,3.14,0.0,1.0,18.84,2.5,0.0
2,2023-02-01 00:51:01,2023-02-01 01:00:56,1.0,2.23,1.0,N,236,79,1,12.8,1.0,0.5,3.56,0.0,1.0,21.36,2.5,0.0
2,2023-02-01 00:10:08,2023-02-01 00:29:24,2.0,2.9,1.0,N,142,90,1,19.8,1.0,0.5,2.0,0.0,1.0,26.8,2.5,0.0
2,2023-02-01 00:03:51,2023-02-01 00:04:11,4.0,0.0,5.0,N,22,22,1,55.0,0.0,0.0,5.0,0.0,1.0,61.0,0.0,0.0
2,2023-02-01 00:04:39,2023-02-01 00:29:44,2.0,21.24,1.0,N,132,14,2,77.9,1.0,0.5,0.0,0.0,1.0,81.65,0.0,1.25
2,2023-02-01 00:31:33,2023-02-01 00:43:55,1.0,2.6,1.0,N,249,232,1,14.9,1.0,0.5,3.98,0.0,1.0,23.88,2.5,0.0
2,2023-02-01 00:44:31,2023-02-01 00:49:31,1.0,0.94,1.0,N,237,141,1,7.2,1.0,0.5,2.44,0.0,1.0,14.64,2.5,0.0
2,2023-02-01 00:54:34,2023-02-01 01:10:31,1.0,3.33,1.0,N,140,68,1,18.4,1.0,0.5,4.68,0.0,1.0,28.08,2.5,0.0
2,2023-02-01 00:40:48,2023-02-01 01:07:54,2.0,10.57,1.0,N,162,241,2,45.0,1.0,0.5,0.0,0.0,1.0,50.0,2.5,0.0
1,2023-02-01 00:21:39,2023-02-01 00:28:02,0.0,1.8,1.0,Y,234,162,1,9.3,3.5,0.5,2.85,0.0,1.0,17.15,2.5,0.0
1,2023-02-01 00:44:56,2023-02-01 00:45:52,0.0,0.1,1.0,N,164,164,1,3.0,3.5,0.5,1.0,0.0,1.0,9.0,2.5,0.0
2,2023-02-01 00:04:16,2023-02-01 00:08:57,1.0,0.63,1.0,N,246,186,1,6.5,1.0,0.5,10.1,0.0,1.0,21.6,2.5,0.0
2,2023-02-01 00:15:02,2023-02-01 00:20:07,1.0,1.15,1.0,N,48,246,1,7.9,1.0,0.5,2.58,0.0,1.0,15.48,2.5,0.0
2,2023-02-01 00:56:54,2023-02-01 01:01:29,3.0,1.14,1.0,N,246,48,1,7.2,1.0,0.5,2.44,0.0,1.0,14.64,2.5,0.0
2,2023-02-01 00:09:03,2023-02-01 00:23:25,1.0,4.58,1.0,N,132,205,1,21.9,1.0,0.5,5.0,0.0,1.0,30.65,0.0,1.25
2,2023-02-01 00:33:03,2023-02-01 00:47:35,1.0,5.23,1.0,N,79,238,1,21.9,1.0,0.5,5.0,0.0,1.0,31.9,2.5,0.0
2,2023-02-01 00:02:38,2023-02-01 00:05:51,1.0,0.94,1.0,N,239,238,1,6.5,1.0,0.5,2.3,0.0,1.0,13.8,2.5,0.0
1,2023-02-01 00:29:34,2023-02-01 00:47:37,1.0,8.2,1.0,N,144,129,1,33.8,3.5,0.5,7.75,0.0,1.0,46.55,2.5,0.0
2,2023-02-01 00:02:47,2023-02-01 00:15:10,1.0,2.31,1.0,N,142,246,1,14.2,1.0,0.5,1.0,0.0,1.0,20.2,2.5,0.0
2,2023-02-01 00:47:14,2023-02-01 00:57:18,4.0,1.8,1.0,N,237,229,2,12.1,1.0,0.5,0.0,0.0,1.0,17.1,2.5,0.0
2,2023-02-01 00:22:36,2023-02-01 00:27:40,2.0,0.51,1.0,N,230,48,1,6.5,1.0,0.5,2.3,0.0,1.0,13.8,2.5,0.0
2,2023-02-01 00:02:21,2023-02-01 00:48:15,1.0,18.4,1.0,N,132,159,2,75.8,1.0,0.5,0.0,6.55,1.0,86.1,0.0,1.25
1,2023-02-01 00:06:53,2023-02-01 00:12:57,2.0,1.3,1.0,N,141,263,1,7.9,3.5,0.5,1.55,0.0,1.0,14.45,2.5,0.0
1,2023-02-01 00:34:44,2023-02-01 00:43:38,1.0,2.9,1.0,N,237,79,1,13.5,3.5,0.5,5.5,0.0,1.0,24.0,2.5,0.0
2,2023-02-01 00:42:05,2023-02-01 01:15:27,1.0,7.35,1.0,N,79,177,1,36.6,1.0,0.5,10.4,0.0,1.0,52.0,2.5,0.0
1,2023-02-01 00:10:41,2023-02-01 00:16:29,3.0,1.0,1.0,N,113,107,1,7.2,3.5,0.5,2.0,0.0,1.0,14.2,2.5,0.0
1,2023-02-01 00:22:03,2023-02-01 00:24:36,1.0,0.6,1.0,N,137,162,1,5.1,3.5,0.5,1.0,0.0,1.0,11.1,2.5,0.0
1,2023-02-01 00:49:02,2023-02-01 01:02:32,1.0,5.7,1.0,N,162,209,1,24.0,3.5,0.5,5.0,0.0,1.0,34.0,2.5,0.0
2,2023-02-01 00:45:47,2023-02-01 01:36:48,1.0,25.94,1.0,N,132,251,1,103.8,1.0,0.5,22.82,6.55,1.0,136.92,0.0,1.25
2,2023-02-01 00:30:56,2023-02-01 00:33:29,1.0,0.44,1.0,N,161,48,2,5.1,1.0,0.5,0.0,0.0,1.0,10.1,2.5,0.0
2,2023-02-01 00:06:16,2023-02-01 00:21:23,1.0,3.53,1.0,N,48,145,1,18.4,1.0,0.5,5.85,0.0,1.0,29.25,2.5,0.0
1,2023-02-01 00:37:41,2023-02-01 00:44:46,1.0,1.9,1.0,N,211,186,1,10.7,3.5,0.5,3.1,0.0,1.0,18.8,2.5,0.0
2,2023-02-01 00:19:09,2023-02-01 00:27:47,1.0,1.54,1.0,N,234,79,1,10.7,1.0,0.5,1.0,0.0,1.0,16.7,2.5,0.0
2,2023-02-01 00:45:25,2023-02-01 00:48:03,1.0,0.52,1.0,N,140,229,1,5.1,1.0,0.5,2.52,0.0,1.0,12.62,2.5,0.0
2,2023-02-01 00:22:31,2023-02-01 00:45:22,2.0,5.58,1.0,N,48,226,2,27.5,1.0,0.5,0.0,0.0,1.0,32.5,2.5,0.0
2,2023-02-01 00:37:27,2023-02-01 00:42:38,4.0,1.61,1.0,N,162,100,1,8.6,1.0,0.5,3.4,0.0,1.0,17.0,2.5,0.0
2,2023-02-01 00:46:00,2023-02-01 00:51:33,4.0,0.9,1.0,N,48,161,1,7.2,1.0,0.5,2.44,0.0,1.0,14.64,2.5,0.0
2,2023-02-01 00:55:30,2023-02-01 01:00:39,4.0,1.98,1.0,N,162,236,1,9.3,1.0,0.5,2.86,0.0,1.0,17.16,2.5,0.0
1,2023-02-01 00:12:54,2023-02-01 00:49:18,1.0,5.4,1.0,N,162,260,2,24.7,3.5,0.5,0.0,0.0,1.0,29.7,2.5,0.0
1,2023-02-01 00:16:11,2023-02-01 00:19:00,1.0,0.6,1.0,N,230,164,1,5.1,3.5,0.5,2.55,0.0,1.0,12.65,2.5,0.0
2,2023-02-01 00:37:29,2023-02-01 00:50:10,1.0,4.08,1.0,N,170,238,1,19.1,1.0,0.5,4.82,0.0,1.0,28.92,2.5,0.0
2,2023-02-01 00:59:36,2023-02-01 01:05:09,1.0,0.83,1.0,N,162,230,1,7.2,1.0,0.5,2.44,0.0,1.0,14.64,2.5,0.0
2,2023-01-31 23:57:29,2023-02-01 00:00:06,1.0,0.71,1.0,N,158,68,1,5.8,1.0,0.5,2.7,0.0,1.0,13.5,2.5,0.0
2,2023-02-01 00:10:14,2023-02-01 00:18:14,1.0,2.41,1.0,N,162,114,1,12.1,1.0,0.5,2.0,0.0,1.0,19.1,2.5,0.0
2,2023-02-01 00:32:53,2023-02-01 00:49:40,1.0,12.3,1.0,N,50,254,1,46.4,1.0,0.5,5.0,0.0,1.0,56.4,2.5,0.0
2,2023-02-01 00:55:14,2023-02-01 01:10:24,1.0,3.55,1.0,N,232,186,1,18.4,1.0,0.5,4.68,0.0,1.0,28.08,2.5,0.0
2,2023-02-01 00:55:07,2023-02-01 01:01:23,1.0,1.06,1.0,N,79,114,1,7.9,1.0,0.5,1.94,0.0,1.0,14.84,2.5,0.0
2,2023-02-01 00:04:16,2023-02-01 00:19:41,1.0,4.91,1.0,N,261,181,1,23.3,1.0,0.5,4.0,0.0,1.0,32.3,2.5,0.0
2,2023-02-01 00:00:34,2023-02-01 00:24:29,1.0,5.93,1.0,N,234,181,1,28.9,1.0,0.5,6.0,0.0,1.0,39.9,2.5,0.0
1,2023-02-01 00:00:12,2023-02-01 00:07:59,2.0,1.8,1.0,N,113,234,2,10.7,3.5,0.5,0.0,0.0,1.0,15.7,2.5,0.0
1,2023-02-01 00:08:58,2023-02-01 00:22:47,2.0,2.8,1.0,N,144,246,1,14.9,3.5,0.5,4.0,0.0,1.0,23.9,2.5,0.0
1,2023-02-01 00:26:27,2023-02-01 00:37:51,1.0,3.4,1.0,N,107,263,1,15.6,3.5,0.5,5.15,0.0,1.0,25.75,2.5,0.0
1,2023-02-01 00:40:16,2023-02-01 00:47:12,1.0,1.7,1.0,N,263,238,1,10.0,3.5,0.5,3.0,0.0,1.0,18.0,2.5,0.0
2,2023-02-01 00:33:37,2023-02-01 00:41:22,1.0,1.3,1.0,N,113,68,2,9.3,1.0,0.5,0.0,0.0,1.0,14.3,2.5,0.0
1,2023-02-01 00:04:21,2023-02-01 00:20:07,3.0,3.0,1.0,N,79,13,1,16.3,3.5,0.5,4.25,0.0,1.0,25.55,2.5,0.0
1,2023-02-01 00:23:45,2023-02-01 00:37:05,1.0,4.4,1.0,N,13,50,1,19.1,3.5,0.5,5.9,0.0,1.0,30.0,2.5,0.0
2,2023-02-01 00:07:25,2023-02-01 00:28:13,1.0,9.09,1.0,N,144,178,2,37.3,1.0,0.5,0.0,0.0,1.0,42.3,2.5,0.0
2,2023-02-01 00:38:25,2023-02-01 01:06:45,1.0,18.21,2.0,N,132,229,1,70.0,0.0,0.5,15.0,6.55,1.0,96.8,2.5,1.25
2,2023-02-01 00:12:59,2023-02-01 00:56:03,1.0,13.68,1.0,N,164,61,1,58.3,1.0,0.5,0.63,0.0,1.0,63.93,2.5,0.0
2,2023-02-01 00:22:52,2023-02-01 00:26:29,1.0,0.57,1.0,N,211,249,1,5.8,1.0,0.5,0.0,0.0,1.0,10.8,2.5,0.0
1,2023-02-01 00:17:19,2023-02-01 00:21:19,1.0,1.1,1.0,N,48,100,2,7.2,3.5,0.5,0.0,0.0,1.0,12.2,2.5,0.0
1,2023-02-01 00:54:09,2023-02-01 01:13:13,1.0,5.0,1.0,N,48,87,1,23.3,3.5,0.5,0.0,0.0,1.0,28.3,2.5,0.0
1,2023-02-01 00:56:58,2023-02-01 00:59:45,1.0,0.5,1.0,N,211,249,1,5.1,3.5,0.5,2.0,0.0,1.0,12.1,2.5,0.0
1,2023-02-01 00:03:40,2023-02-01 00:19:29,1.0,6.6,1.0,N,132,216,2,28.2,2.25,0.5,0.0,0.0,1.0,31.95,0.0,1.25
1,2023-02-01 00:06:51,2023-02-01 00:17:05,1.0,2.8,1.0,N,170,232,1,15.6,3.5,0.5,0.0,0.0,1.0,20.6,2.5,0.0
2,2023-02-01 00:01:30,2023-02-01 00:09:37,2.0,3.11,1.0,N,107,263,2,14.2,1.0,0.5,0.0,0.0,1.0,19.2,2.5,0.0
2,2023-02-01 00:50:43,2023-02-01 00:53:21,1.0,0.96,1.0,N,236,141,2,5.8,1.0,0.5,0.0,0.0,1.0,10.8,2.5,0.0
2,2023-02-01 00:15:40,2023-02-01 00:31:34,3.0,4.32,1.0,N,163,260,1,20.5,1.0,0.5,0.0,0.0,1.0,25.5,2.5,0.0
2,2023-02-01 00:23:00,2023-02-01 00:29:08,1.0,1.15,1.0,N,137,170,1,8.6,1.0,0.5,2.72,0.0,1.0,16.32,2.5,0.0
2,2023-02-01 00:13:52,2023-02-01 00:21:12,1.0,1.11,1.0,N,186,161,2,9.3,1.0,0.5,0.0,0.0,1.0,14.3,2.5,0.0
1,2023-02-01 00:01:06,2023-02-01 00:14:33,1.0,5.2,1.0,N,261,162,2,22.6,3.5,0.5,0.0,0.0,1.0,27.6,2.5,0.0
2,2023-02-01 00:23:00,2023-02-01 00:33:30,1.0,2.06,1.0,N,61,89,1,12.8,1.0,0.5,3.06,0.0,1.0,18.36,0.0,0.0
1,2023-02-01 00:34:09,2023-02-01 00:43:50,1.0,2.5,1.0,N,142,151,1,12.8,3.5,0.5,3.55,0.0,1.0,21.35,2.5,0.0
1,2023-02-01 00:03:59,2023-02-01 00:38:15,1.0,17.1,2.0,N,132,162,1,70.0,3.75,0.5,14.0,6.55,1.0,95.8,2.5,1.25
1,2023-02-01 00:50:48,2023-02-01 01:00:23,1.0,2.2,1.0,N,263,74,1,12.8,3.5,0.5,5.0,0.0,1.0,22.8,2.5,0.0
2,2023-02-01 00:03:51,2023-02-01 00:14:39,1.0,1.83,1.0,N,140,162,1,12.1,1.0,0.5,3.42,0.0,1.0,20.52,2.5,0.0
2,2023-02-01 00:26:16,2023-02-01 00:30:49,1.0,0.8,1.0,N,114,113,1,6.5,1.0,0.5,2.0,0.0,1.0,13.5,2.5,0.0
1,2023-02-01 00:40:34,2023-02-01 01:20:47,1.0,18.1,1.0,N,132,36,1,69.5,2.25,0.5,14.65,0.0,1.0,87.9,0.0,1.25
2,2023-02-01 00:13:45,2023-02-01 00:36:25,1.0,10.17,1.0,N,249,7,1,42.2,1.0,0.5,7.0,0.0,1.0,54.2,2.5,0.0
2,2023-02-01 00:10:48,2023-02-01 00:23:22,1.0,4.35,1.0,N,114,112,1,19.8,1.0,0.5,4.96,0.0,1.0,29.76,2.5,0.0
2,2023-02-01 00:38:04,2023-02-01 00:53:41,1.0,7.6,1.0,N,211,129,2,31.7,1.0,0.5,0.0,0.0,1.0,36.7,2.5,0.0
2,2023-02-01 00:19:20,2023-02-01 00:32:12,1.0,2.52,1.0,N,158,170,1,14.9,1.0,0.5,2.0,0.0,1.0,21.9,2.5,0.0
2,2023-02-01 00:28:41,2023-02-01 00:31:37,1.0,0.54,1.0,Y,114,114,1,5.1,1.0,0.5,1.0,0.0,1.0,11.1,2.5,0.0
2,2023-02-01 00:50:39,2023-02-01 01:05:57,1.0,7.42,1.0,N,70,98,1,31.0,1.0,0.5,5.0,0.0,1.0,38.5,0.0,0.0
2,2023-02-01 00:17:09,2023-02-01 00:22:52,1.0,0.81,1.0,N,107,234,2,7.9,1.0,0.5,0.0,0.0,1.0,12.9,2.5,0.0
2,2023-02-01 00:35:56,2023-02-01 00:45:59,1.0,4.0,1.0,N,79,140,1,17.0,1.0,0.5,4.4,0.0,1.0,26.4,2.5,0.0
2,2023-02-01 00:28:05,2023-02-01 00:37:57,1.0,5.93,1.0,N,263,79,1,24.0,1.0,0.5,5.8,0.0,1.0,34.8,2.5,0.0
2,2023-02-01 00:25:55,2023-02-01 00:37:15,1.0,2.6,1.0,N,162,143,1,14.2,1.0,0.5,4.8,0.0,1.0,24.0,2.5,0.0
1,2023-02-01 00:21:34,2023-02-01 00:55:41,1.0,18.3,2.0,N,132,48,1,70.0,3.75,0.5,16.35,6.55,1.0,98.15,2.5,1.25
2,2023-02-01 00:06:54,2023-02-01 00:14:25,1.0,2.09,1.0,N,148,137,1,11.4,1.0,0.5,3.28,0.0,1.0,19.68,2.5,0.0
2,2023-02-01 00:02:45,2023-02-01 00:16:06,1.0,6.14,1.0,N,132,28,1,26.1,1.0,0.5,5.97,0.0,1.0,35.82,0.0,1.25
2,2023-02-01 00:31:53,2023-02-01 00:55:01,1.0,10.12,1.0,N,138,233,2,44.3,6.0,0.5,0.0,6.55,1.0,62.1,2.5,1.25
2,2023-02-01 00:08:26,2023-02-01 00:19:48,1.0,2.3,1.0,N,166,42,2,14.2,1.0,0.5,0.0,0.0,1.0,16.7,0.0,0.0
2,2023-02-01 00:24:12,2023-02-01 00:28:03,2.0,0.77,1.0,N,113,79,2,6.5,1.0,0.5,0.0,0.0,1.0,11.5,2.5,0.0
2,2023-02-01 00:24:32,2023-02-01 00:38:30,3.0,4.81,1.0,N,164,151,1,20.5,1.0,0.5,5.1,0.0,1.0,30.6,2.5,0.0
2,2023-02-01 00:09:12,2023-02-01 00:25:02,1.0,3.22,1.0,N,211,233,1,18.4,1.0,0.5,5.85,0.0,1.0,29.25,2.5,0.0
2,2023-02-01 00:36:25,2023-02-01 00:43:29,1.0,1.24,1.0,N,230,229,1,8.6,1.0,0.5,2.72,0.0,1.0,16.32,2.5,0.0
1,2023-02-01 00:16:02,2023-02-01 00:22:02,1.0,0.9,1.0,N,114,148,1,7.9,3.5,0.5,2.55,0.0,1.0,15.45,2.5,0.0
2,2023-02-01 00:27:39,2023-02-01 00:34:56,1.0,1.32,1.0,N,229,48,2,9.3,1.0,0.5,0.0,0.0,1.0,14.3,2.5,0.0
2,2023-02-01 00:43:05,2023-02-01 01:06:23,5.0,12.34,1.0,N,132,70,2,49.2,1.0,0.5,0.0,0.0,1.0,52.95,0.0,1.25
2,2023-02-01 00:20:12,2023-02-01 00:53:01,1.0,18.13,2.0,N,132,262,1,70.0,0.0,0.5,16.11,6.55,1.0,97.91,2.5,1.25
2,2023-02-01 00:20:28,2023-02-01 00:53:41,1.0,12.0,1.0,N,132,17,1,49.2,1.0,0.5,10.59,0.0,1.0,63.54,0.0,1.25
1,2023-02-01 00:58:50,2023-02-01 01:06:24,2.0,2.2,1.0,N,79,88,2,11.4,3.5,0.5,0.0,0.0,1.0,16.4,2.5,0.0
2,2023-02-01 00:50:46,2023-02-01 00:54:08,3.0,0.7,1.0,N,170,230,1,5.8,1.0,0.5,1.0,0.0,1.0,11.8,2.5,0.0
2,2023-02-01 00:20:33,2023-02-01 00:28:05,3.0,1.39,1.0,N,170,237,1,9.3,1.0,0.5,2.86,0.0,1.0,17.16,2.5,0.0
2,2023-02-01 00:08:52,2023-02-01 00:24:17,1.0,3.08,1.0,N,239,170,1,17.7,1.0,0.5,4.54,0.0,1.0,27.24,2.5,0.0
2,2023-02-01 00:02:38,2023-02-01 00:08:39,1.0,1.08,1.0,N,249,211,1,7.9,1.0,0.5,2.58,0.0,1.0,15.48,2.5,0.0
2,2023-02-01 00:18:04,2023-02-01 00:34:44,1.0,5.02,1.0,N,79,7,1,22.6,1.0,0.5,5.52,0.0,1.0,33.12,2.5,0.0
2,2023-02-01 00:37:05,2023-02-01 00:49:06,1.0,2.62,1.0,N,237,75,2,15.6,1.0,0.5,0.0,0.0,1.0,20.6,2.5,0.0
2,2023-02-01 00:59:29,2023-02-01 01:04:47,1.0,1.58,1.0,N,74,75,1,8.6,1.0,0.5,2.22,0.0,1.0,13.32,0.0,0.0
2,2023-02-01 00:44:04,2023-02-01 00:48:08,1.0,0.97,1.0,N,48,68,1,7.2,1.0,0.5,0.0,0.0,1.0,12.2,2.5,0.0
2,2023-02-01 00:53:30,2023-02-01 00:54:38,1.0,0.45,1.0,N,246,246,1,4.4,1.0,0.5,1.88,0.0,1.0,11.28,2.5,0.0
2,2023-02-01 00:01:43,2023-02-01 00:16:30,2.0,4.91,1.0,N,90,238,1,22.6,1.0,0.5,4.97,0.0,1.0,32.57,2.5,0.0
2,2023-02-01 00:43:51,2023-02-01 01:06:25,1.0,5.93,1.0,N,164,52,1,28.2,1.0,0.5,6.64,0.0,1.0,39.84,2.5,0.0
2,2023-02-01 00:22:37,2023-02-01 00:41:08,1.0,3.03,1.0,N,158,4,1,18.4,1.0,0.5,4.68,0.0,1.0,28.08,2.5,0.0
2,2023-02-01 00:25:07,2023-02-01 00:25:25,1.0,0.0,5.0,N,79,79,1,82.0,0.0,0.0,17.1,0.0,1.0,102.6,2.5,0.0
2,2023-02-01 00:12:36,2023-02-01 00:31:18,1.0,10.48,1.0,N,138,231,1,41.5,6.0,0.5,10.3,0.0,1.0,63.05,2.5,1.25
1,2023-02-01 00:10:02,2023-02-01 00:20:24,1.0,3.7,1.0,N,79,140,1,16.3,3.5,0.5,6.35,0.0,1.0,27.65,2.5,0.0
1,2023-02-01 00:33:32,2023-02-01 00:52:21,2.0,4.2,1.0,N,234,141,1,20.5,3.5,0.5,5.1,0.0,1.0,30.6,2.5,0.0
1,2023-02-01 00:06:12,2023-02-01 00:10:24,1.0,1.3,1.0,N,107,170,1,7.2,3.5,0.5,2.4,0.0,1.0,14.6,2.5,0.0
1,2023-02-01 00:43:15,2023-02-01 00:58:32,1.0,4.0,1.0,N,113,255,1,19.1,3.5,0.5,4.8,0.0,1.0,28.9,2.5,0.0
2,2023-02-01 00:14:22,2023-02-01 00:20:24,1.0,2.01,1.0,N,142,68,1,10.0,1.0,0.5,1.5,0.0,1.0,16.5,2.5,0.0
2,2023-02-01 00:44:05,2023-02-01 01:11:11,6.0,12.93,1.0,N,69,37,1,52.0,1.0,0.5,12.21,6.55,1.0,73.26,0.0,0.0
2,2023-02-01 00:05:29,2023-02-01 00:19:25,1.0,3.11,1.0,N,48,79,1,17.0,1.0,0.5,0.0,0.0,1.0,22.0,2.5,0.0
1,2023-02-01 00:24:14,2023-02-01 00:33:18,2.0,1.7,1.0,N,79,232,1,10.0,3.5,0.5,3.0,0.0,1.0,18.0,2.5,0.0
1,2023-02-01 00:43:57,2023-02-01 00:49:02,1.0,1.3,1.0,N,79,137,1,7.9,3.5,0.5,0.0,0.0,1.0,12.9,2.5,0.0
2,2023-02-01 00:07:49,2023-02-01 00:20:18,1.0,4.12,1.0,N,148,112,1,19.8,1.0,0.5,4.96,0.0,1.0,29.76,2.5,0.0
2,2023-02-01 00:20:19,2023-02-01 00:24:01,1.0,1.08,1.0,N,230,43,1,6.5,1.0,0.5,3.45,0.0,1.0,14.95,2.5,0.0
2,2023-02-01 00:54:57,2023-02-01 01:03:02,1.0,1.77,1.0,N,230,239,1,11.4,1.0,0.5,3.28,0.0,1.0,19.68,2.5,0.0
1,2023-02-01 00:54:03,2023-02-01 01:01:45,1.0,2.5,1.0,N,239,152,2,12.1,3.5,0.5,0.0,0.0,1.0,17.1,2.5,0.0
2,2023-02-01 00:04:33,2023-02-01 00:04:48,4.0,0.06,5.0,N,88,87,1,125.0,0.0,0.0,15.0,0.0,1.0,143.5,2.5,0.0
2,2023-02-01 00:05:28,2023-02-01 00:11:26,1.0,1.21,1.0,N,100,170,2,-8.6,-1.0,-0.5,0.0,0.0,-1.0,-13.6,-2.5,0.0
2,2023-02-01 00:05:28,2023-02-01 00:11:26,1.0,1.21,1.0,N,100,107,2,8.6,1.0,0.5,0.0,0.0,1.0,13.6,2.5,0.0
2,2023-02-01 00:14:33,2023-02-01 00:19:27,1.0,0.88,1.0,N,170,100,1,7.2,1.0,0.5,3.05,0.0,1.0,15.25,2.5,0.0
2,2023-02-01 00:07:04,2023-02-01 00:20:14,1.0,4.87,1.0,N,140,168,1,21.9,1.0,0.5,0.0,0.0,1.0,26.9,2.5,0.0
2,2023-02-01 00:58:22,2023-02-01 01:22:12,1.0,6.86,1.0,N,158,146,1,31.0,1.0,0.5,7.2,0.0,1.0,43.2,2.5,0.0
2,2023-02-01 00:30:54,2023-02-01 01:03:44,6.0,18.49,2.0,N,132,163,2,70.0,0.0,0.5,0.0,6.55,1.0,81.8,2.5,1.25
2,2023-02-01 00:39:48,2023-02-01 00:47:14,1.0,1.77,1.0,N,234,114,1,10.7,1.0,0.5,3.92,0.0,1.0,19.62,2.5,0.0
2,2023-02-01 00:52:46,2023-02-01 01:06:52,1.0,2.61,1.0,N,114,261,1,16.3,1.0,0.5,5.32,0.0,1.0,26.62,2.5,0.0
2,2023-02-01 00:01:55,2023-02-01 00:26:56,1.0,8.0,1.0,N,138,141,2,35.9,6.0,0.5,0.0,0.0,1.0,47.15,2.5,1.25
1,2023-02-01 00:07:51,2023-02-01 00:28:15,2.0,6.3,1.0,N,100,116,1,28.2,3.5,0.5,0.0,0.0,1.0,33.2,2.5,0.0
2,2023-02-01 00:15:03,2023-02-01 00:22:56,1.0,2.13,1.0,N,90,48,1,11.4,1.0,0.5,1.0,0.0,1.0,17.4,2.5,0.0
1,2023-02-01 00:02:19,2023-02-01 00:08:24,2.0,1.2,1.0,N,186,234,1,7.9,3.5,0.5,2.55,0.0,1.0,15.45,2.5,0.0
1,2023-02-01 00:18:55,2023-02-01 00:23:00,2.0,0.5,1.0,N,125,249,1,5.1,3.5,0.5,2.5,0.0,1.0,12.6,2.5,0.0
1,2023-02-01 00:26:17,2023-02-01 00:30:05,1.0,0.7,1.0,N,211,148,2,5.8,3.5,0.5,0.0,0.0,1.0,10.8,2.5,0.0
2,2023-02-01 00:15:17,2023-02-01 00:20:54,1.0,1.03,1.0,N,230,164,1,7.9,1.0,0.5,0.0,0.0,1.0,12.9,2.5,0.0
2,2023-02-01 00:46:19,2023-02-01 01:18:30,2.0,17.51,2.0,N,132,107,1,70.0,0.0,0.5,10.0,6.55,1.0,91.8,2.5,1.25
2,2023-02-01 00:07:41,2023-02-01 00:13:12,1.0,1.68,1.0,N,48,158,1,9.3,1.0,0.5,1.0,0.0,1.0,15.3,2.5,0.0
2,2023-02-01 00:38:50,2023-02-01 00:46:57,1.0,1.87,1.0,N,158,100,1,10.7,1.0,0.5,4.71,0.0,1.0,20.41,2.5,0.0
2,2023-02-01 00:52:55,2023-02-01 00:58:14,1.0,2.08,1.0,N,161,236,1,10.0,1.0,0.5,0.75,0.0,1.0,15.75,2.5,0.0
1,2023-02-01 00:04:00,2023-02-01 00:06:51,1.0,1.1,1.0,N,75,74,2,6.5,1.0,0.5,0.0,0.0,1.0,9.0,0.0,0.0
1,2023-02-01 00:26:42,2023-02-01 00:48:38,0.0,7.8,1.0,N,79,152,1,31.0,3.5,0.5,0.0,0.0,1.0,36.0,2.5,0.0
2,2023-02-01 00:20:38,2023-02-01 00:40:40,3.0,6.6,1.0,N,132,130,1,30.3,1.0,0.5,0.05,0.0,1.0,34.1,0.0,1.25
2,2023-02-01 00:12:19,2023-02-01 00:15:40,1.0,0.75,1.0,N,230,68,2,5.8,1.0,0.5,0.0,0.0,1.0,10.8,2.5,0.0
2,2023-02-01 00:44:43,2023-02-01 00:48:58,2.0,1.58,1.0,N,68,186,2,7.9,1.0,0.5,0.0,0.0,1.0,12.9,2.5,0.0
2,2023-02-01 00:59:17,2023-02-01 01:09:54,1.0,2.0,1.0,N,68,79,1,12.8,1.0,0.5,2.5,0.0,1.0,20.3,2.5,0.0
2,2023-02-01 00:43:17,2023-02-01 01:16:40,2.0,12.48,1.0,N,166,255,1,53.4,1.0,0.5,7.0,6.55,1.0,69.45,0.0,0.0
1,2023-02-01 00:13:33,2023-02-01 00:25:37,2.0,2.6,1.0,N,158,87,1,14.2,3.5,0.5,3.84,0.0,1.0,23.04,2.5,0.0
1,2023-02-01 00:39:15,2023-02-01 01:00:27,1.0,6.0,1.0,N,158,146,1,26.8,3.5,0.5,9.5,0.0,1.0,41.3,2.5,0.0
1,2023-02-01 00:36:19,2023-02-01 00:46:39,1.0,3.3,1.0,N,236,168,1,15.6,3.5,0.5,4.1,0.0,1.0,24.7,2.5,0.0
1,2023-02-01 00:49:00,2023-02-01 00:49:07,1.0,0.0,1.0,N,168,168,2,3.0,1.0,0.5,0.0,0.0,1.0,5.5,0.0,0.0
2,2023-02-01 00:35:09,2023-02-01 00:38:56,1.0,0.73,1.0,N,79,148,1,6.5,1.0,0.5,3.0,0.0,1.0,14.5,2.5,0.0
2,2023-02-01 00:14:00,2023-02-01 00:23:52,1.0,2.91,1.0,N,163,262,1,13.5,1.0,0.5,3.7,0.0,1.0,22.2,2.5,0.0
2,2023-02-01 00:57:47,2023-02-01 01:22:50,1.0,18.01,2.0,N,132,79,1,70.0,0.0,0.5,14.8,0.0,1.0,90.05,2.5,1.25
1,2023-02-01 00:58:08,2023-02-01 01:07:33,2.0,3.9,1.0,N,79,262,1,16.3,3.5,0.5,4.25,0.0,1.0,25.55,2.5,0.0
1,2023-02-01 00:18:28,2023-02-01 00:53:08,2.0,18.9,2.0,N,132,158,1,70.0,3.75,0.5,16.35,6.55,1.0,98.15,2.5,1.25
1,2023-02-01 00:10:35,2023-02-01 00:29:22,2.0,4.3,1.0,N,148,48,1,21.9,3.5,0.5,5.35,0.0,1.0,32.25,2.5,0.0
2,2023-02-01 00:30:45,2023-02-01 00:43:24,1.0,3.49,1.0,N,164,145,1,17.0,1.0,0.5,4.4,0.0,1.0,26.4,2.5,0.0
2,2023-02-01 00:17:32,2023-02-01 00:53:39,1.0,19.83,2.0,N,132,43,1,70.0,0.0,0.5,20.14,6.55,1.0,101.94,2.5,1.25
1,2023-02-01 00:22:33,2023-02-01 00:43:15,1.0,6.4,1.0,N,158,74,2,26.1,3.5,0.5,0.0,0.0,1.0,31.1,2.5,0.0
2,2023-02-01 00:47:15,2023-02-01 01:08:37,1.0,6.15,1.0,N,90,7,1,27.5,1.0,0.5,6.5,0.0,1.0,39.0,2.5,0.0
1,2023-02-01 00:44:39,2023-02-01 00:54:12,1.0,3.6,1.0,N,132,219,2,17.0,2.25,0.5,0.0,0.0,1.0,20.75,0.0,1.25
2,2023-02-01 00:40:25,2023-02-01 01:02:26,1.0,5.76,1.0,N,230,65,1,27.5,1.0,0.5,17.5,0.0,1.0,50.0,2.5,0.0
2,2023-02-01 00:23:30,2023-02-01 00:26:58,1.0,1.18,1.0,N,48,68,1,7.2,1.0,0.5,1.0,0.0,1.0,13.2,2.5,0.0
2,2023-02-01 00:50:06,2023-02-01 00:56:25,1.0,1.12,1.0,N,148,249,1,8.6,1.0,0.5,2.72,0.0,1.0,16.32,2.5,0.0
2,2023-02-01 00:40:26,2023-02-01 00:51:44,3.0,2.37,1.0,N,232,68,2,13.5,1.0,0.5,0.0,0.0,1.0,18.5,2.5,0.0
2,2023-02-01 00:51:47,2023-02-01 01:05:15,1.0,4.15,1.0,N,113,112,2,19.8,1.0,0.5,0.0,0.0,1.0,24.8,2.5,0.0
2,2023-02-01 00:15:51,2023-02-01 00:21:08,1.0,0.93,1.0,N,164,68,1,7.2,1.0,0.5,2.44,0.0,1.0,14.64,2.5,0.0
2,2023-02-01 00:26:27,2023-02-01 00:48:25,1.0,2.59,1.0,N,68,68,1,21.2,1.0,0.5,7.86,0.0,1.0,34.06,2.5,0.0
2,2023-02-01 00:07:27,2023-02-01 00:29:49,1.0,13.08,1.0,N,138,88,2,49.9,6.0,0.5,0.0,0.0,1.0,61.15,2.5,1.25
2,2023-02-01 00:14:11,2023-02-01 00:28:15,1.0,4.5,1.0,N,237,231,1,20.5,1.0,0.5,5.1,0.0,1.0,30.6,2.5,0.0
2,2023-02-01 00:32:35,2023-02-01 00:39:24,5.0,2.1,1.0,N,158,48,1,10.7,1.0,0.5,2.5,0.0,1.0,18.2,2.5,0.0
2,2023-02-01 00:47:28,2023-02-01 00:56:29,5.0,1.54,1.0,N,238,24,1,11.4,1.0,0.5,3.28,0.0,1.0,19.68,2.5,0.0
2,2023-02-01 00:30:59,2023-02-01 00:46:09,1.0,7.07,1.0,N,132,265,1,29.6,1.0,0.5,6.67,0.0,1.0,40.02,0.0,1.25
2,2023-02-01 00:57:08,2023-02-01 01:04:38,1.0,1.93,1.0,N,79,164,1,10.7,1.0,0.5,4.71,0.0,1.0,20.41,2.5,0.0
2,2023-02-01 00:58:56,2023-02-01 01:19:49,2.0,11.18,1.0,N,138,25,1,44.3,6.0,0.5,10.36,0.0,1.0,63.41,0.0,1.25
2,2023-02-01 00:35:02,2023-02-01 00:52:47,1.0,3.91,1.0,N,45,33,1,21.2,1.0,0.5,5.24,0.0,1.0,31.44,2.5,0.0
2,2023-02-01 00:45:48,2023-02-01 00:51:20,2.0,0.98,1.0,N,107,137,1,7.9,1.0,0.5,2.58,0.0,1.0,15.48,2.5,0.0
2,2023-02-01 00:12:11,2023-02-01 00:15:43,1.0,1.21,1.0,N,170,79,1,7.2,1.0,0.5,3.05,0.0,1.0,15.25,2.5,0.0
2,2023-02-01 00:32:33,2023-02-01 00:48:35,1.0,7.29,1.0,N,236,45,1,30.3,1.0,0.5,7.06,0.0,1.0,42.36,2.5,0.0
2,2023-02-01 00:27:23,2023-02-01 00:55:27,1.0,11.9,1.0,N,132,82,2,49.9,1.0,0.5,0.0,0.0,1.0,53.65,0.0,1.25
1,2023-02-01 00:05:28,2023-02-01 00:05:28,1.0,0.0,1.0,N,79,264,2,38.0,3.5,0.5,0.0,0.0,1.0,43.0,2.5,0.0
1,2023-02-01 00:34:10,2023-02-01 00:34:13,2.0,9.1,1.0,N,223,223,1,38.0,3.5,0.5,6.0,0.0,1.0,49.0,2.5,0.0
1,2023-02-01 00:52:49,2023-02-01 00:54:59,1.0,0.6,1.0,N,233,233,1,5.1,3.5,0.5,3.0,0.0,1.0,13.1,2.5,0.0
2,2023-02-01 00:11:27,2023-02-01 00:16:45,1.0,0.94,1.0,N,151,238,1,7.9,1.0,0.5,3.87,0.0,1.0,16.77,2.5,0.0
2,2023-02-01 00:19:34,2023-02-01 00:25:59,1.0,1.33,1.0,N,239,151,1,9.3,1.0,0.5,2.86,0.0,1.0,17.16,2.5,0.0
2,2023-02-01 00:19:48,2023-02-01 00:34:22,2.0,4.43,1.0,N,230,7,1,20.5,1.0,0.5,6.38,0.0,1.0,31.88,2.5,0.0
1,2023-02-01 00:01:11,2023-02-01 00:33:25,2.0,10.0,1.0,N,132,131,1,47.1,2.25,0.5,12.0,0.0,1.0,62.85,0.0,1.25
2,2023-02-01 00:10:08,2023-02-01 00:16:36,1.0,1.46,1.0,N,158,68,1,9.3,1.0,0.5,2.86,0.0,1.0,17.16,2.5,0.0
2,2023-02-01 00:25:32,2023-02-01 00:35:53,1.0,3.13,1.0,N,158,143,1,14.9,1.0,0.5,3.98,0.0,1.0,23.88,2.5,0.0
2,2023-02-01 00:53:33,2023-02-01 00:55:40,2.0,0.55,1.0,N,158,246,1,5.1,1.0,0.5,2.02,0.0,1.0,12.12,2.5,0.0
2,2023-02-01 00:59:28,2023-02-01 01:08:05,1.0,1.86,1.0,N,68,79,1,10.7,1.0,0.5,1.0,0.0,1.0,16.7,2.5,0.0
1,2023-02-01 00:04:46,2023-02-01 00:10:01,1.0,0.8,1.0,N,186,48,1,6.5,3.5,0.5,2.3,0.0,1.0,13.8,2.5,0.0
1,2023-02-01 00:17:47,2023-02-01 00:28:19,1.0,3.6,1.0,N,68,238,1,16.3,3.5,0.5,2.0,0.0,1.0,23.3,2.5,0.0
1,2023-02-01 00:49:02,2023-02-01 00:57:43,2.0,3.3,1.0,N,141,145,2,14.9,3.5,0.5,0.0,0.0,1.0,19.9,2.5,0.0
2,2023-02-01 00:23:03,2023-02-01 00:30:19,1.0,1.36,1.0,N,237,161,1,10.0,1.0,0.5,2.28,0.0,1.0,17.28,2.5,0.0
1,2023-02-01 00:09:20,2023-02-01 00:31:40,1.0,12.7,1.0,N,138,261,1,49.9,9.75,0.5,12.2,0.0,1.0,73.35,2.5,1.25
2,2023-02-01 00:09:19,2023-02-01 00:12:48,1.0,0.58,1.0,N,162,237,1,5.8,1.0,0.5,2.16,0.0,1.0,12.96,2.5,0.0
2,2023-02-01 00:23:40,2023-02-01 00:47:07,1.0,8.62,1.0,N,162,95,1,38.0,1.0,0.5,14.86,6.55,1.0,64.41,2.5,0.0
2,2023-02-01 00:10:19,2023-02-01 00:11:39,1.0,0.3,1.0,N,237,141,1,3.7,1.0,0.5,1.74,0.0,1.0,10.44,2.5,0.0
2,2023-02-01 00:10:20,2023-02-01 01:00:59,2.0,18.46,2.0,N,132,48,2,70.0,0.0,0.5,0.0,6.55,1.0,81.8,2.5,1.25
2,2023-02-01 00:21:53,2023-02-01 00:32:36,1.0,3.57,1.0,N,231,4,1,17.0,1.0,0.5,4.4,0.0,1.0,26.4,2.5,0.0
2,2023-02-01 00:38:36,2023-02-01 00:47:54,1.0,2.24,1.0,N,79,164,1,12.8,1.0,0.5,3.56,0.0,1.0,21.36,2.5,0.0
2,2023-02-01 00:51:02,2023-02-01 01:01:11,1.0,3.97,1.0,N,234,236,1,17.0,1.0,0.5,3.0,0.0,1.0,25.0,2.5,0.0
2,2023-02-01 00:08:01,2023-02-01 00:15:48,1.0,1.17,1.0,N,229,230,1,9.3,1.0,0.5,2.86,0.0,1.0,17.16,2.5,0.0
1,2023-02-01 00:23:21,2023-02-01 00:39:41,2.0,4.6,1.0,N,230,13,1,21.9,3.5,0.5,5.35,0.0,1.0,32.25,2.5,0.0
1,2023-02-01 00:40:34,2023-02-01 00:51:11,1.0,4.2,1.0,N,13,79,1,19.8,3.5,0.5,1.0,0.0,1.0,25.8,2.5,0.0
2,2023-02-01 00:25:19,2023-02-01 00:36:03,4.0,2.56,1.0,N,233,239,1,13.5,1.0,0.5,4.62,0.0,1.0,23.12,2.5,0.0
2,2023-02-01 00:28:15,2023-02-01 00:31:37,1.0,0.79,1.0,N,43,239,1,6.5,1.0,0.5,1.0,0.0,1.0,12.5,2.5,0.0
2,2023-02-01 00:40:59,2023-02-01 00:45:25,1.0,1.36,1.0,N,238,24,1,7.9,1.0,0.5,2.0,0.0,1.0,14.9,2.5,0.0
2,2023-02-01 00:03:27,2023-02-01 00:12:44,1.0,1.98,1.0,N,107,229,1,12.1,1.0,0.5,3.42,0.0,1.0,20.52,2.5,0.0
2,2023-02-01 00:15:10,2023-02-01 00:19:12,1.0,1.47,1.0,N,229,262,1,7.9,1.0,0.5,1.0,0.0,1.0,13.9,2.5,0.0
2,2023-02-01 00:21:30,2023-02-01 00:59:25,2.0,14.16,1.0,N,132,181,1,58.3,1.0,0.5,12.16,0.0,1.0,74.21,0.0,1.25
2,2023-02-01 00:06:59,2023-02-01 00:14:49,1.0,0.98,1.0,N,264,161,1,11.4,1.0,0.5,2.78,0.0,1.0,16.68,0.0,0.0
2,2023-02-01 00:13:29,2023-02-01 00:58:18,1.0,19.11,2.0,N,132,163,1,70.0,0.0,0.5,16.11,6.55,1.0,97.91,2.5,1.25
1,2023-02-01 00:06:21,2023-02-01 00:33:29,1.0,7.2,1.0,N,137,61,1,33.8,3.5,0.5,1.2,0.0,1.0,40.0,2.5,0.0
2,2023-02-01 00:02:45,2023-02-01 00:08:33,4.0,1.17,1.0,N,114,79,2,7.9,1.0,0.5,0.0,0.0,1.0,12.9,2.5,0.0
2,2023-02-01 00:13:36,2023-02-01 00:17:50,2.0,0.82,1.0,N,148,144,1,6.5,1.0,0.5,2.3,0.0,1.0,13.8,2.5,0.0
2,2023-02-01 00:29:19,2023-02-01 00:38:29,1.0,2.1,1.0,N,79,232,1,12.1,1.0,0.5,3.42,0.0,1.0,20.52,2.5,0.0
1,2023-02-01 00:04:08,2023-02-01 00:28:46,3.0,5.7,1.0,N,249,24,1,29.6,3.5,0.5,6.9,0.0,1.0,41.5,2.5,0.0
1,2023-02-01 00:34:23,2023-02-01 00:39:46,1.0,0.8,1.0,N,24,41,2,7.2,1.0,0.5,0.0,0.0,1.0,9.7,0.0,0.0
2,2023-02-01 00:18:42,2023-02-01 00:27:54,1.0,1.5,1.0,N,246,158,1,11.4,1.0,0.5,2.0,0.0,1.0,18.4,2.5,0.0
2,2023-02-01 00:40:25,2023-02-01 01:06:31,2.0,16.92,1.0,N,132,123,2,64.6,1.0,0.5,0.0,0.0,1.0,68.35,0.0,1.25
2,2023-02-01 00:30:11,2023-02-01 00:32:52,1.0,0.64,1.0,N,158,90,1,5.8,1.0,0.5,2.0,0.0,1.0,12.8,2.5,0.0
2,2023-02-01 00:48:20,2023-02-01 00:53:46,3.0,0.79,1.0,N,158,90,1,7.2,1.0,0.5,2.44,0.0,1.0,14.64,2.5,0.0
2,2023-02-01 00:54:53,2023-02-01 01:05:26,1.0,1.83,1.0,N,90,90,1,12.1,1.0,0.5,2.56,0.0,1.0,19.66,2.5,0.0
2,2023-02-01 00:02:52,2023-02-01 00:40:35,1.0,20.94,1.0,N,132,26,1,80.7,1.0,0.5,1.0,0.0,1.0,85.45,0.0,1.25
2,2023-02-01 00:00:12,2023-02-01 00:07:12,2.0,2.31,1.0,N,161,236,2,11.4,1.0,0.5,0.0,0.0,1.0,16.4,2.5,0.0
2,2023-02-01 00:20:59,2023-02-01 00:28:25,1.0,2.6,1.0,N,141,137,1,12.1,1.0,0.5,3.42,0.0,1.0,20.52,2.5,0.0
2,2023-02-01 00:32:33,2023-02-01 00:35:40,1.0,0.36,1.0,N,211,79,1,5.1,1.0,0.5,3.03,0.0,1.0,13.13,2.5,0.0
2,2023-02-01 00:49:16,2023-02-01 00:59:36,1.0,2.87,1.0,N,79,229,1,14.2,1.0,0.5,3.84,0.0,1.0,23.04,2.5,0.0
2,2023-02-01 00:15:11,2023-02-01 00:19:37,2.0,0.45,1.0,N,231,231,1,5.8,1.0,0.5,2.7,0.0,1.0,13.5,2.5,0.0
2,2023-02-01 00:28:05,2023-02-01 00:42:33,2.0,3.61,1.0,N,249,88,1,18.4,1.0,0.5,0.0,0.0,1.0,23.4,2.5,0.0
2,2023-02-01 00:05:34,2023-02-01 00:09:40,2.0,0.53,1.0,N,231,211,1,5.8,1.0,0.5,2.0,0.0,1.0,12.8,2.5,0.0
2,2023-02-01 00:38:26,2023-02-01 00:52:24,2.0,4.32,1.0,N,249,239,1,19.1,1.0,0.5,4.34,0.0,1.0,28.44,2.5,0.0
2,2023-02-01 00:05:58,2023-02-01 00:12:47,1.0,1.51,1.0,N,249,186,1,9.3,1.0,0.5,2.86,0.0,1.0,17.16,2.5,0.0
2,2023-02-01 00:28:38,2023-02-01 00:36:09,1.0,1.33,1.0,N,100,229,4,-9.3,-1.0,-0.5,0.0,0.0,-1.0,-14.3,-2.5,0.0
2,2023-02-01 00:28:38,2023-02-01 00:36:09,1.0,1.33,1.0,N,100,229,4,9.3,1.0,0.5,0.0,0.0,1.0,14.3,2.5,0.0
1,2023-02-01 00:22:30,2023-02-01 00:38:47,1.0,4.7,1.0,N,230,7,1,21.2,3.5,0.5,3.0,0.0,1.0,29.2,2.5,0.0
2,2023-02-01 00:42:44,2023-02-01 00:49:41,2.0,0.94,1.0,N,48,230,1,8.6,1.0,0.5,2.72,0.0,1.0,16.32,2.5,0.0
2,2023-02-01 00:15:31,2023-02-01 00:47:18,1.0,8.46,1.0,N,164,61,2,38.7,1.0,0.5,0.0,0.0,1.0,43.7,2.5,0.0
2,2023-02-01 00:49:27,2023-02-01 00:49:34,1.0,0.0,5.0,N,61,61,1,40.0,0.0,0.5,10.38,0.0,1.0,51.88,0.0,0.0
2,2023-02-01 00:15:30,2023-02-01 00:20:41,1.0,0.74,1.0,N,100,48,1,6.5,1.0,0.5,2.3,0.0,1.0,13.8,2.5,0.0
2,2023-02-01 00:23:19,2023-02-01 00:40:07,1.0,3.32,1.0,N,48,144,1,18.4,1.0,0.5,7.02,0.0,1.0,30.42,2.5,0.0
1,2023-02-01 00:08:03,2023-02-01 00:16:57,2.0,1.9,1.0,N,50,239,1,11.4,3.5,0.5,2.0,0.0,1.0,18.4,2.5,0.0
1,2023-02-01 00:33:04,2023-02-01 00:42:55,1.0,2.3,1.0,N,236,42,2,12.8,1.0,0.5,0.0,0.0,1.0,15.3,0.0,0.0
2,2023-02-01 00:37:01,2023-02-01 00:39:15,1.0,0.49,1.0,N,148,79,1,4.4,1.0,0.5,2.82,0.0,1.0,12.22,2.5,0.0
2,2023-02-01 00:51:08,2023-02-01 01:01:14,1.0,2.82,1.0,N,249,48,1,14.2,1.0,0.5,3.84,0.0,1.0,23.04,2.5,0.0
2,2023-02-01 00:55:09,2023-02-01 01:13:46,1.0,4.11,1.0,N,140,41,1,21.9,1.0,0.5,6.72,0.0,1.0,33.62,2.5,0.0
2,2023-01-31 23:58:36,2023-02-01 00:07:21,1.0,2.4,1.0,N,114,170,2,12.8,1.0,0.5,0.0,0.0,1.0,17.8,2.5,0.0
2,2023-02-01 00:25:45,2023-02-01 00:28:57,1.0,0.97,1.0,N,161,163,1,6.5,1.0,0.5,2.3,0.0,1.0,13.8,2.5,0.0
2,2023-02-01 00:39:18,2023-02-01 00:52:51,1.0,4.47,1.0,N,68,151,1,21.9,1.0,0.5,2.0,0.0,1.0,28.9,2.5,0.0
2,2023-02-01 00:01:24,2023-02-01 00:10:37,1.0,2.01,1.0,N,230,239,1,12.1,1.0,0.5,4.28,0.0,1.0,21.38,2.5,0.0
1,2023-02-01 00:16:28,2023-02-01 00:46:18,1.0,7.0,1.0,N,158,146,1,31.0,3.5,0.5,7.2,0.0,1.0,43.2,2.5,0.0
1,2023-02-01 00:11:06,2023-02-01 00:18:33,1.0,1.2,1.0,N,114,79,1,7.9,3.5,0.5,1.0,0.0,1.0,13.9,2.5,0.0
2,2023-02-01 00:12:21,2023-02-01 00:21:33,1.0,1.83,1.0,N,142,164,1,11.4,1.0,0.5,3.0,0.0,1.0,19.4,2.5,0.0
1,2023-02-01 00:20:13,2023-02-01 00:35:38,1.0,3.6,1.0,N,107,142,2,18.4,3.5,0.5,0.0,0.0,1.0,23.4,2.5,0.0
2,2023-02-01 00:30:17,2023-02-01 00:30:41,1.0,0.0,5.0,N,265,265,1,168.0,0.0,0.0,10.0,12.0,1.0,191.0,0.0,0.0
2,2023-02-01 00:10:55,2023-02-01 00:18:53,1.0,1.45,1.0,N,68,125,2,9.3,1.0,0.5,0.0,0.0,1.0,14.3,2.5,0.0
2,2023-02-01 00:56:01,2023-02-01 01:10:30,1.0,3.28,1.0,N,249,162,1,17.7,1.0,0.5,4.54,0.0,1.0,27.24,2.5,0.0
2,2023-02-01 00:09:04,2023-02-01 00:22:28,1.0,3.73,1.0,N,230,75,1,18.4,1.0,0.5,4.68,0.0,1.0,28.08,2.5,0.0
2,2023-02-01 00:27:09,2023-02-01 00:33:07,1.0,1.73,1.0,N,263,75,1,10.0,1.0,0.5,3.0,0.0,1.0,18.0,2.5,0.0
2,2023-02-01 00:08:59,2023-02-01 00:18:04,1.0,2.14,1.0,N,237,143,1,12.1,1.0,0.5,3.42,0.0,1.0,20.52,2.5,0.0
2,2023-02-01 00:31:47,2023-02-01 00:44:06,1.0,3.88,1.0,N,233,151,1,17.7,1.0,0.5,4.54,0.0,1.0,27.24,2.5,0.0
2,2023-02-01 00:02:40,2023-02-01 00:11:16,1.0,1.38,1.0,N,186,233,1,10.0,1.0,0.5,3.0,0.0,1.0,18.0,2.5,0.0
2,2023-02-01 00:29:10,2023-02-01 00:30:21,1.0,0.43,1.0,N,107,170,1,4.4,1.0,0.5,1.0,0.0,1.0,10.4,2.5,0.0
1,2023-02-01 00:44:51,2023-02-01 00:56:38,2.0,1.6,1.0,N,162,100,1,11.4,3.5,0.5,3.25,0.0,1.0,19.65,2.5,0.0
2,2023-02-01 00:10:28,2023-02-01 00:23:25,1.0,2.4,1.0,N,138,129,1,14.9,6.0,0.5,4.73,0.0,1.0,28.38,0.0,1.25
2,2023-02-01 00:23:11,2023-02-01 00:34:01,2.0,2.75,1.0,N,161,79,1,14.2,1.0,0.5,1.9,0.0,1.0,21.1,2.5,0.0
2,2023-02-01 00:38:16,2023-02-01 00:45:23,1.0,1.83,1.0,N,79,186,2,10.7,1.0,0.5,0.0,0.0,1.0,15.7,2.5,0.0
1,2023-02-01 00:31:08,2023-02-01 00:52:19,1.0,8.1,5.0,N,68,265,1,50.0,0.0,0.0,0.0,0.0,1.0,51.0,0.0,0.0
2,2023-02-01 00:11:33,2023-02-01 00:20:15,1.0,1.28,1.0,N,162,48,1,10.0,1.0,0.5,3.75,0.0,1.0,18.75,2.5,0.0
2,2023-02-01 00:53:52,2023-02-01 01:03:29,2.0,2.03,1.0,N,79,170,1,12.1,1.0,0.5,3.42,0.0,1.0,20.52,2.5,0.0
2,2023-02-01 00:12:51,2023-02-01 00:31:02,1.0,11.38,1.0,N,138,64,1,42.9,6.0,0.5,10.33,0.0,1.0,61.98,0.0,1.25
2,2023-01-31 23:59:13,2023-02-01 00:06:10,1.0,1.8,1.0,N,113,170,1,10.0,1.0,0.5,3.0,0.0,1.0,18.0,2.5,0.0
2,2023-02-01 00:07:57,2023-02-01 00:17:12,1.0,3.19,1.0,N,233,263,1,14.9,1.0,0.5,1.99,0.0,1.0,21.89,2.5,0.0
2,2023-02-01 00:20:08,2023-02-01 00:24:44,1.0,1.4,1.0,N,141,236,1,7.9,1.0,0.5,1.0,0.0,1.0,13.9,2.5,0.0
1,2023-02-01 00:11:36,2023-02-01 00:20:14,1.0,2.1,1.0,N,114,170,2,12.1,3.5,0.5,0.0,0.0,1.0,17.1,2.5,0.0
1,2023-02-01 00:56:13,2023-02-01 00:59:48,1.0,0.5,1.0,N,114,113,1,5.1,3.5,0.5,3.0,0.0,1.0,13.1,2.5,0.0
2,2023-02-01 00:09:15,2023-02-01 00:24:39,1.0,2.56,1.0,N,238,74,2,17.0,1.0,0.5,0.0,0.0,1.0,22.0,2.5,0.0
2,2023-02-01 00:26:07,2023-02-01 00:27:34,2.0,0.27,1.0,N,48,68,1,3.7,1.0,0.5,1.74,0.0,1.0,10.44,2.5,0.0
2,2023-02-01 00:45:39,2023-02-01 00:58:26,1.0,3.95,1.0,N,164,238,2,17.7,1.0,0.5,0.0,0.0,1.0,22.7,2.5,0.0
1,2023-02-01 00:03:55,2023-02-01 00:24:53,2.0,4.5,1.0,N,107,263,1,23.3,3.5,0.5,5.09,0.0,1.0,33.39,2.5,0.0
1,2023-02-01 00:45:00,2023-02-01 00:56:02,1.0,3.1,1.0,N,229,151,1,15.6,3.5,0.5,4.1,0.0,1.0,24.7,2.5,0.0
2,2023-02-01 00:05:31,2023-02-01 00:12:27,1.0,1.54,1.0,N,234,144,1,10.0,1.0,0.5,2.0,0.0,1.0,17.0,2.5,0.0
2,2023-02-01 00:29:15,2023-02-01 00:38:32,1.0,2.36,1.0,N,107,140,1,12.8,1.0,0.5,3.56,0.0,1.0,21.36,2.5,0.0
2,2023-02-01 00:25:05,2023-02-01 00:43:21,1.0,1.97,1.0,N,107,68,2,17.7,1.0,0.5,0.0,0.0,1.0,22.7,2.5,0.0
2,2023-02-01 00:49:34,2023-02-01 01:05:09,1.0,4.27,1.0,N,143,125,1,20.5,1.0,0.5,0.0,0.0,1.0,25.5,2.5,0.0
2,2023-02-01 00:06:06,2023-02-01 00:17:19,2.0,2.4,1.0,N,164,142,1,13.5,1.0,0.5,3.7,0.0,1.0,22.2,2.5,0.0
2,2023-02-01 00:45:35,2023-02-01 00:59:30,1.0,3.92,1.0,N,230,7,2,19.1,1.0,0.5,0.0,0.0,1.0,24.1,2.5,0.0
2,2023-02-01 00:28:42,2023-02-01 00:32:27,1.0,0.81,1.0,N,24,166,1,6.5,1.0,0.5,1.8,0.0,1.0,10.8,0.0,0.0
2,2023-02-01 00:30:30,2023-02-01 00:48:41,1.0,6.36,1.0,N,113,228,1,27.5,1.0,0.5,5.0,0.0,1.0,37.5,2.5,0.0
2,2023-02-01 00:06:55,2023-02-01 00:23:07,1.0,5.04,1.0,N,148,142,1,21.9,1.0,0.5,5.38,0.0,1.0,32.28,2.5,0.0
2,2023-02-01 00:37:26,2023-02-01 00:41:49,1.0,1.39,1.0,N,229,141,2,7.9,1.0,0.5,0.0,0.0,1.0,12.9,2.5,0.0
2,2023-02-01 00:19:23,2023-02-01 00:27:33,1.0,2.71,1.0,N,162,114,1,12.8,1.0,0.5,3.56,0.0,1.0,21.36,2.5,0.0
2,2023-02-01 00:26:02,2023-02-01 00:33:40,3.0,2.03,1.0,N,161,113,1,10.7,1.0,0.5,3.92,0.0,1.0,19.62,2.5,0.0
1,2023-02-01 00:52:16,2023-02-01 01:00:26,1.0,3.6,1.0,N,138,82,2,16.3,7.25,0.5,0.0,0.0,1.0,25.05,0.0,1.25
2,2023-02-01 00:39:37,2023-02-01 00:48:48,2.0,2.28,1.0,N,125,48,1,12.1,1.0,0.5,1.0,0.0,1.0,18.1,2.5,0.0
2,2023-02-01 00:33:07,2023-02-01 00:49:43,5.0,5.53,1.0,N,229,152,1,24.0,1.0,0.5,5.0,0.0,1.0,34.0,2.5,0.0
1,2023-02-01 00:22:05,2023-02-01 00:28:55,1.0,1.1,1.0,N,114,107,1,7.9,3.5,0.5,1.0,0.0,1.0,13.9,2.5,0.0
2,2023-02-01 00:15:03,2023-02-01 00:44:15,1.0,18.94,4.0,N,230,265,2,89.8,1.0,0.5,0.0,0.0,1.0,94.8,2.5,0.0
1,2023-02-01 00:13:00,2023-02-01 00:20:15,4.0,1.7,1.0,N,48,170,1,10.0,3.5,0.5,3.0,0.0,1.0,18.0,2.5,0.0
2,2023-02-01 00:05:40,2023-02-01 00:13:51,2.0,1.59,1.0,N,186,50,1,10.7,1.0,0.5,3.14,0.0,1.0,18.84,2.5,0.0
2,2023-02-01 00:02:51,2023-02-01 00:17:21,1.0,7.57,1.0,N,48,243,1,31.7,1.0,0.5,3.3,0.0,1.0,40.0,2.5,0.0
2,2023-02-01 00:05:52,2023-02-01 00:30:55,1.0,10.26,1.0,N,79,89,1,42.2,1.0,0.5,9.44,0.0,1.0,56.64,2.5,0.0
2,2023-02-01 00:07:54,2023-02-01 00:47:32,1.0,17.88,2.0,N,132,230,1,70.0,0.0,0.5,16.11,6.55,1.0,97.91,2.5,1.25
2,2023-02-01 00:08:05,2023-02-01 00:12:10,1.0,0.83,1.0,N,230,233,1,6.5,1.0,0.5,2.3,0.0,1.0,13.8,2.5,0.0
2,2023-02-01 00:15:38,2023-02-01 00:31:17,2.0,4.44,1.0,N,107,75,1,20.5,1.0,0.5,5.1,0.0,1.0,30.6,2.5,0.0
2,2023-02-01 00:12:34,2023-02-01 00:29:53,1.0,10.45,1.0,N,138,79,1,40.8,6.0,0.5,5.0,0.0,1.0,57.05,2.5,1.25
2,2023-02-01 00:36:57,2023-02-01 00:52:29,2.0,4.84,1.0,N,79,143,1,21.9,1.0,0.5,4.04,0.0,1.0,30.94,2.5,0.0
2,2023-02-01 00:22:06,2023-02-01 00:28:32,1.0,1.05,1.0,N,230,229,1,8.6,1.0,0.5,2.0,0.0,1.0,15.6,2.5,0.0
2,2023-02-01 00:44:38,2023-02-01 00:51:39,1.0,1.51,1.0,N,236,238,1,10.0,1.0,0.5,1.5,0.0,1.0,16.5,2.5,0.0
2,2023-02-01 00:25:03,2023-02-01 01:10:03,1.0,21.73,1.0,N,132,136,1,89.8,1.0,0.5,19.77,6.55,1.0,119.87,0.0,1.25
2,2023-02-01 00:11:14,2023-02-01 00:28:26,1.0,6.82,1.0,N,239,148,1,29.6,1.0,0.5,5.19,0.0,1.0,39.79,2.5,0.0
2,2023-02-01 00:37:48,2023-02-01 00:51:24,1.0,2.28,1.0,N,79,90,1,14.9,1.0,0.5,3.98,0.0,1.0,23.88,2.5,0.0
2,2023-02-01 00:12:06,2023-02-01 00:17:29,3.0,1.45,1.0,N,234,249,1,8.6,1.0,0.5,4.08,0.0,1.0,17.68,2.5,0.0
2,2023-02-01 00:50:59,2023-02-01 01:03:20,1.0,3.96,1.0,N,151,186,1,18.4,1.0,0.5,0.0,0.0,1.0,23.4,2.5,0.0
2,2023-02-01 00:46:32,2023-02-01 00:53:28,2.0,0.93,1.0,N,114,158,1,7.9,1.0,0.5,2.58,0.0,1.0,15.48,2.5,0.0
2,2023-02-01 00:59:35,2023-02-01 01:15:53,1.0,5.12,1.0,N,158,151,2,24.7,1.0,0.5,0.0,0.0,1.0,29.7,2.5,0.0
2,2023-02-01 00:40:52,2023-02-01 00:48:10,1.0,2.57,1.0,N,48,238,1,12.1,1.0,0.5,2.0,0.0,1.0,19.1,2.5,0.0
2,2023-02-01 00:03:50,2023-02-01 00:14:18,2.0,3.98,1.0,N,79,263,1,17.0,1.0,0.5,4.4,0.0,1.0,26.4,2.5,0.0
2,2023-02-01 00:07:32,2023-02-01 00:18:28,1.0,2.77,1.0,N,249,233,1,14.2,1.0,0.5,1.0,0.0,1.0,20.2,2.5,0.0
2,2023-02-01 00:28:54,2023-02-01 00:38:10,1.0,3.7,1.0,N,107,262,1,15.6,1.0,0.5,5.2,0.0,1.0,25.8,2.5,0.0
2,2023-02-01 00:38:20,2023-02-01 01:02:06,1.0,18.25,2.0,N,132,262,1,70.0,0.0,0.5,16.11,6.55,1.0,97.91,2.5,1.25
2,2023-02-01 00:30:32,2023-02-01 00:35:22,1.0,0.86,1.0,N,90,68,1,7.2,1.0,0.5,2.44,0.0,1.0,14.64,2.5,0.0
2,2023-02-01 00:50:37,2023-02-01 01:00:35,2.0,2.66,1.0,N,230,263,1,13.5,1.0,0.5,3.7,0.0,1.0,22.2,2.5,0.0
2,2023-02-01 00:13:03,2023-02-01 00:20:24,1.0,0.98,1.0,N,230,170,1,8.6,1.0,0.5,2.72,0.0,1.0,16.32,2.5,0.0
1,2023-02-01 00:06:30,2023-02-01 00:14:58,1.0,1.9,1.0,N,164,249,2,11.4,3.5,0.5,0.0,0.0,1.0,16.4,2.5,0.0
1,2023-02-01 00:19:14,2023-02-01 00:21:48,2.0,0.3,1.0,N,158,90,1,5.1,3.5,0.5,1.52,0.0,1.0,11.62,2.5,0.0
1,2023-02-01 00:29:27,2023-02-01 00:38:44,1.0,2.0,1.0,N,186,50,1,12.1,3.5,0.5,3.4,0.0,1.0,20.5,2.5,0.0
1,2023-02-01 00:42:55,2023-02-01 00:59:39,1.0,5.9,1.0,N,48,87,1,26.8,3.5,0.5,4.0,0.0,1.0,35.8,2.5,0.0
2,2023-02-01 00:05:13,2023-02-01 00:16:58,1.0,1.21,1.0,N,114,114,1,11.4,1.0,0.5,4.92,0.0,1.0,21.32,2.5,0.0
2,2023-02-01 00:43:50,2023-02-01 00:57:25,1.0,3.98,1.0,N,142,116,1,18.4,1.0,0.5,4.68,0.0,1.0,28.08,2.5,0.0
2,2023-02-01 00:08:08,2023-02-01 00:16:00,1.0,2.52,1.0,N,79,186,2,12.8,1.0,0.5,0.0,0.0,1.0,17.8,2.5,0.0
1,2023-02-01 00:04:27,2023-02-01 00:12:09,2.0,1.4,1.0,N,164,230,1,9.3,3.5,0.5,0.0,0.0,1.0,14.3,2.5,0.0
1,2023-02-01 00:40:16,2023-02-01 01:02:24,2.0,7.4,1.0,N,164,116,1,31.7,3.5,0.5,11.0,0.0,1.0,47.7,2.5,0.0
1,2023-02-01 00:31:23,2023-02-01 00:40:33,1.0,1.5,1.0,N,164,230,1,10.0,3.5,0.5,0.1,0.0,1.0,15.1,2.5,0.0
1,2023-02-01 00:05:32,2023-02-01 00:20:00,1.0,9.5,1.0,N,138,140,1,36.6,9.75,0.5,13.6,6.55,1.0,68.0,2.5,1.25
2,2023-02-01 00:06:53,2023-02-01 00:12:33,1.0,1.42,1.0,N,107,68,2,8.6,1.0,0.5,0.0,0.0,1.0,13.6,2.5,0.0
2,2023-02-01 00:11:45,2023-02-01 00:24:40,1.0,2.1,1.0,N,263,151,1,14.2,1.0,0.5,3.84,0.0,1.0,23.04,2.5,0.0
1,2023-02-01 00:01:42,2023-02-01 00:38:38,1.0,25.4,1.0,N,132,265,1,97.5,2.25,0.5,0.0,6.0,1.0,107.25,0.0,1.25
2,2023-02-01 00:10:01,2023-02-01 00:16:43,1.0,1.12,1.0,N,79,4,1,8.6,1.0,0.5,2.72,0.0,1.0,16.32,2.5,0.0
2,2023-02-01 00:54:10,2023-02-01 01:05:22,1.0,2.26,1.0,N,264,264,1,14.2,1.0,0.5,3.84,0.0,1.0,23.04,2.5,0.0
1,2023-02-01 00:07:50,2023-02-01 00:09:25,1.0,0.3,1.0,N,234,234,1,4.4,3.5,0.5,0.94,0.0,1.0,10.34,2.5,0.0
1,2023-02-01 00:57:14,2023-02-01 01:02:56,1.0,1.1,1.0,N,249,125,1,7.9,3.5,0.5,2.55,0.0,1.0,15.45,2.5,0.0
2,2023-02-01 00:48:54,2023-02-01 01:07:26,1.0,4.28,1.0,N,100,145,1,22.6,1.0,0.5,5.0,0.0,1.0,32.6,2.5,0.0
2,2023-02-01 00:11:39,2023-02-01 00:19:29,1.0,2.39,1.0,N,163,249,2,-12.1,-1.0,-0.5,0.0,0.0,-1.0,-17.1,-2.5,0.0
2,2023-02-01 00:11:39,2023-02-01 00:19:29,1.0,2.39,1.0,N,163,113,2,12.1,1.0,0.5,0.0,0.0,1.0,17.1,2.5,0.0
2,2023-02-01 00:50:29,2023-02-01 01:22:05,5.0,20.32,2.0,N,132,238,1,70.0,0.0,0.5,16.36,6.55,1.0,98.16,2.5,1.25
1,2023-02-01 00:06:45,2023-02-01 00:18:52,1.0,1.1,1.0,N,162,140,1,11.4,2.5,0.5,3.05,0.0,1.0,18.45,2.5,0.0
2,2023-02-01 00:15:24,2023-02-01 00:25:36,2.0,2.09,1.0,N,162,50,1,12.1,1.0,0.5,1.0,0.0,1.0,18.1,2.5,0.0
2,2023-02-01 00:33:08,2023-02-01 00:37:28,1.0,1.39,1.0,N,230,164,1,7.9,1.0,0.5,2.58,0.0,1.0,15.48,2.5,0.0
2,2023-02-01 00:40:52,2023-02-01 00:44:32,1.0,0.73,1.0,N,100,170,1,5.8,1.0,0.5,2.7,0.0,1.0,13.5,2.5,0.0
2,2023-02-01 00:22:20,2023-02-01 00:52:30,1.0,18.25,2.0,N,132,230,1,70.0,0.0,0.5,16.11,6.55,1.0,97.91,2.5,1.25
2,2023-02-01 00:50:07,2023-02-01 00:58:23,1.0,2.39,1.0,N,230,238,4,-12.1,-1.0,-0.5,0.0,0.0,-1.0,-17.1,-2.5,0.0
2,2023-02-01 00:50:07,2023-02-01 00:58:23,1.0,2.39,1.0,N,230,238,4,12.1,1.0,0.5,0.0,0.0,1.0,17.1,2.5,0.0
1,2023-02-01 00:23:15,2023-02-01 00:53:11,1.0,15.7,1.0,N,132,123,1,60.4,2.25,0.5,5.0,0.0,1.0,69.15,0.0,1.25
2,2023-02-01 00:02:13,2023-02-01 00:17:17,1.0,4.67,1.0,N,100,13,1,21.2,1.0,0.5,5.24,0.0,1.0,31.44,2.5,0.0
2,2023-02-01 00:17:35,2023-02-01 00:56:54,1.0,14.13,1.0,N,140,215,1,59.0,1.0,0.5,12.8,0.0,1.0,76.8,2.5,0.0
1,2023-02-01 00:17:43,2023-02-01 00:29:04,1.0,6.0,1.0,N,75,4,2,24.7,3.5,0.5,0.0,0.0,1.0,29.7,2.5,0.0
1,2023-02-01 00:38:37,2023-02-01 00:43:33,1.0,1.7,1.0,N,125,68,1,9.3,3.5,0.5,2.85,0.0,1.0,17.15,2.5,0.0
1,2023-02-01 00:37:53,2023-02-01 00:46:36,1.0,2.4,1.0,N,249,161,1,12.1,3.5,0.5,2.0,0.0,1.0,19.1,2.5,0.0
1,2023-02-01 00:50:27,2023-02-01 01:00:10,1.0,1.7,1.0,N,164,224,1,11.4,3.5,0.5,2.0,0.0,1.0,18.4,2.5,0.0
